{"cameraMode":{"drawMode":0,"name":"Shaded","section":"Shading Mode"},"sceneLighting":false,"audioPlay":false,"sceneViewState":{"showFog":true,"showMaterialUpdate":false,"showSkybox":false,"showFlares":true,"showImageEffects":true,"showParticleSystems":true},"in2DMode":false,"pivot":{"x":0.0006036758422851563,"y":0.38606390357017519,"z":-1.1378178596496583},"rotation":{"x":-0.16256827116012574,"y":-0.8279505372047424,"z":0.4430204927921295,"w":-0.3033307194709778},"size":5.450994968414307,"orthographic":false}