{"cameraMode":{"drawMode":0,"name":"Shaded","section":"Shading Mode"},"sceneLighting":false,"audioPlay":false,"sceneViewState":{"showFog":true,"showMaterialUpdate":false,"showSkybox":false,"showFlares":true,"showImageEffects":true,"showParticleSystems":true},"in2DMode":false,"pivot":{"x":11.213433265686036,"y":13.229219436645508,"z":-25.036649703979493},"rotation":{"x":0.00510250823572278,"y":0.995061993598938,"z":-0.07176003605127335,"w":0.06987141817808151},"size":60.44498062133789,"orthographic":false}