{"cameraMode":{"drawMode":0,"name":"Shaded","section":"Shading Mode"},"sceneLighting":false,"audioPlay":false,"sceneViewState":{"showFog":true,"showMaterialUpdate":false,"showSkybox":false,"showFlares":true,"showImageEffects":true,"showParticleSystems":true},"in2DMode":false,"pivot":{"x":-1.5015182495117188,"y":1.4449427127838135,"z":-0.9222739338874817},"rotation":{"x":0.22141577303409577,"y":-0.6036590933799744,"z":0.18025915324687959,"w":0.7445643544197083},"size":5.450994968414307,"orthographic":false}