{"cameraMode":{"drawMode":0,"name":"Shaded","section":"Shading Mode"},"sceneLighting":true,"audioPlay":false,"sceneViewState":{"showFog":true,"showMaterialUpdate":false,"showSkybox":true,"showFlares":true,"showImageEffects":true,"showParticleSystems":true},"in2DMode":false,"pivot":{"x":0.6949579119682312,"y":-2.3715391159057619,"z":0.7359707951545715},"rotation":{"x":-0.2969793975353241,"y":-0.011789828538894654,"z":0.00305437040515244,"w":-0.9549609422683716},"size":11.17520809173584,"orthographic":false}