{"cameraMode":{"drawMode":0,"name":"Shaded","section":"Shading Mode"},"sceneLighting":false,"audioPlay":false,"sceneViewState":{"showFog":true,"showMaterialUpdate":false,"showSkybox":false,"showFlares":true,"showImageEffects":true,"showParticleSystems":true},"in2DMode":false,"pivot":{"x":2.327589988708496,"y":1.7947144508361817,"z":-2.382946729660034},"rotation":{"x":-0.008146444335579872,"y":-0.9868716597557068,"z":0.15249431133270265,"w":-0.05274222046136856},"size":31.301048278808595,"orthographic":false}